subtype,#seq,%seq
A,3841,0.18280030458785457
B,5716,0.2720350276032743
C,4806,0.22872644203312392
CRF01_AE,2967,0.14120502569960022
CRF02_AG,84,0.003997715591090805
D,1668,0.07938320959451742
F,399,0.018989149057681325
G,291,0.013849229011993147
H,21,0.0009994288977727014
J,6,0.00028555111364934324
K,7,0.00033314296592423375
L,1,4.759185227489054e-05
Other CRF,956,0.04549781077479535
URF,249,0.011850371216447744
