pos,Entropy,Subtype Chi-square,HLA References
160,0.085105229,26.21731777,1
29,0.087324923,288.0158578,3
153,0.088360269,648.5346537,0
45,0.102987359,81.05436598,4
170,0.120620881,71.23428331,5
59,0.121710693,92.89383387,2
16,0.125953623,101.8620415,1
2,0.129314217,250.8853634,0
131,0.134877143,1102.486132,0
118,0.137390938,360.8694439,1
26,0.140785233,1287.412366,0
149,0.162368884,1533.36466,3
132,0.165302739,250.039939,4
12,0.175606584,1020.326565,0
199,0.178385543,78.05097726,3
44,0.190051651,562.7627406,0
177,0.200711679,1070.297712,3
36,0.206076457,471.2520994,4
123,0.209023562,204.6679121,1
75,0.213372468,207.9693038,2
30,0.221196929,2426.524675,0
135,0.260280445,1026.785912,1
50,0.272608169,708.402442,4
194,0.275883258,1431.522874,2
191,0.278095621,955.7403638,1
136,0.287081613,1227.359279,3
98,0.292355338,325.2901624,2
211,0.311911764,1254.080553,1
204,0.322823643,1151.399023,2
230,0.335584007,921.2763854,4
115,0.343387452,1329.827873,4
68,0.348370853,822.1846171,4
79,0.369183941,887.184116,2
183,0.467955411,6558.473904,5
86,0.547564626,5729.409265,4
11,0.661007132,8115.042185,4
111,0.668294003,10468.92505,2
110,0.668527475,796.0344183,8
33,0.679349497,13632.44277,3
210,0.690398982,2537.475793,3
171,0.70773217,2613.674975,6
31,0.743255778,12436.20257,6
124,0.743364528,6104.6587,3
87,0.875131839,1201.182731,3
208,0.886035447,10632.41712,3
187,0.895874263,12033.19603,1
92,0.935842231,13551.54305,0
178,0.95946709,11062.74247,6
203,0.977653689,12061.75399,1
96,0.983767481,1732.442103,5
180,0.990032616,4442.009056,7
154,0.995532823,4120.320972,3
27,0.996259295,8435.008182,0
128,0.997426221,7991.495623,6
71,0.99775733,16473.39328,2
169,0.999597322,18779.90082,1
54,1.038208641,18321.46229,7
58,1.040020535,19432.47902,2
148,1.049506414,9312.723989,5
41,1.055400818,9289.07904,4
200,1.067425478,14678.24695,3
225,1.083109393,3008.677904,8
207,1.28871088,14856.6195,4
83,1.433450046,7192.134632,2
116,1.450143576,15274.37977,6
6,1.450698928,17319.78794,2
91,1.513482555,4146.140039,6
15,1.557444692,9171.02524,7
14,1.688453937,7715.397519,7
120,1.809337596,7519.932032,3